,review,sentiment,score
0,"Good, seperti raja ampat versi sumatera. Hanya kebersihannya yang harus dijaga lagi, baik dari pengunjung maupun warga lokal, ataupun pemilik kedai di sekitar puncak mandeh.",positif,1
1,Salah satu destinasi wisata terindah di pesisir selatan. Boleh dikatakan seperti lukisan indah yang di buat oleh alam...  semoga slalu terjaga ke indahan dan kebersihannya..,positif,1
2,Tempat yang sejuk. Penghilang penat dan jiwa pun tenang,positif,1
3,Tempat wisata yg asri. Dan banyak ngopi...,positif,1
4,"Saat kesini, tempat para pedagang sedang ditutup oleh polisi, dikarenakan konflik antar pedagang, semoga cepat menemukan solusi yg terbaik.. Over all pemandangan ny sangat bagus dan memanjakan mata..",positif,1
5,"Pemandangan kawasan memang sangat bagus, tetapi sarana dan prasana pada puncak view point, tidak diperhatikan, tidak ada sarana dan prasarana memadai. Tidak di kelola dengan baik. Harusnya dilengkapi dengan fasilitas umum, mushalla, wc, â€¦",positif,1
6,"Bagus banget diawali dari pelabuhan sampai ke puncak mandeh pemandangannya bagus....

Cuma ya memang jalannya agak sempit dan di waktu tertentu banyak truk lewat

Trek nya asli seruuuu tanjakan plus Tikungan lumayan bikin uji nyali",positif,1
7,Jalan berkelok-kelok dan cukup ekstrim. Pastikan kendaraan anda berfungsi secara baik agar tidak ada kendala selama mengunjungi tempat wisata ini,negatif,0
8,"view nya bagus. tapi pelayanan dari pihak warung makannya mengecewakan sekali!! masa baru singgah duduk sebentar dan menyantap makanan sudah diusir, makanan dan minuman belum habis di santap sudah dibuang dengan alasan hendak ramai, padahal masih banyak kursi kosong lainnya. sangat mengecewakan!!",negatif,0
9,Sangat indah....,positif,1
10,"Laut nan jernih bukit nan elok...
Cocok untuk menikmati senja...",positif,1
11,"Tempat ini memang masyaAllah indahnya. Bukti keagungan ciptaan Allah, sehingga tangan2 manusia untuk lebih mempercantik tempat wisata mandeh ini.
Buat teman2 yang melewati sungai pisang, selalu hati2 yah.",positif,1
12,"Bercerita tentang pemandangan disumatera barat tak ada habisnya,  dengan pemandangan, laut, pebukitan, pegunungan dan danau, salah satunya puncak mande,  yg memiliki keindahan alam yg sangat mempesonan yg membuat siapa saja yg melihatnya terkagum-kagum dengan keindahan dan kecantikan alamnya, yg membuay jiwa kita tenang.",positif,1
13,"Untuk masuk ke kawasan mandeh memakan waktu 1-2 jam dari kota padang (tergantung kondisi lalu lintas)
Tidak ada biaya masuk kekawasan ini, anda hanya perlu untuk menjaga kebersihan wilayah ini saja. dikarenakan masih di temui banyak sampah â€¦",negatif,0
14,"Suasana segar dan hijau berada di puncak ini, pengalaman luar biasa bisa sampai kesini. terimakasih sumbar",positif,1
15,"Bersih agak menanjak, persiapkan kendaraan sebelum kesini, pemandangan indah",positif,1
16,Mesjid terapung,netral,0.5
17,Ada rambu petunjuk penggunaan gigi berapa untuk setiap tanjakan,positif,1
18,"Lokasi yang bagus untuk mengambil foto dan istirahat, cuma jalan menuju kesitu masih kurang nyaman karena banyak jembatan yg masih dalam kategori darurat dan sudah rusak. Bagi pengendara yang memiliki kendaraan rendah akan sulit untuk â€¦",negatif,0
19,Sepanjaang jalan pesisir ini disuguhi pemandangan yang indah bgt.. benerÂ² raja ampatnya sumbar,positif,1
20,Pilihan tempat wisata yang bagus di kota Padang. Tersedia rute berbeda waktu berangkat.dan.waktu pulang nya sehingga sepanjang perjalanan.cukup.asyik. tempat ini masih sepi pengunjung. Tidak sebanding dengan keibdahan alam nya.  Menurut â€¦,positif,1
21,"Tempat yang sangat menarik, apalagi untuk yang suka cornering sangat cocok disini dangan medan jalan yang mulus ditambah lagi suguhan pemandangan alam yang sangat luar biasa..  #jangankesini ntar ketagihan dan berat untuk meninggalkan tempat ini.ğŸ˜„ğŸ˜… saya berkunjung kemandeh 1januari2020 lalu.",positif,1
22,"Tak puas.
Masih ingin disini",negatif,0
23,Indaah bangeet.. jalanannya jugaa bagus bgt.. mashaAllah ğŸ¥°,positif,1
24,Tempat Yang Indah Dengan Panorama Alam Yang Luar Biasa..,positif,1
25,Pemandangan yang sangat indah dan keren tapi makanan dan minuman kurang nikmat,positif,1
26,Raja Ampat nya Sumbar... Pemandangan yg indah.. Dan bisa wisata ke Pulau pulau sekitaran pantai....,positif,1
27,"Pemandangan yang bagus...

Perlu peningkatan pengelolaan t4 wisata...

Uni2 kadai, jangan buang sampahnya sembarangan",positif,1
28,"Gak recomended buat cewek yang baru pertama bawa motor untuk PP padang painan lewat disini, selain sepi jalanannya juga banyak tikungan dan tanjakan. Tapi view nya bagus. Jalannya mulus, Kalau tidak mau kepanasan lewat sini agak pagi atau sore.",negatif,0
29,"Kawasan Mandeh, objek wisata unggulan provinsi Sumbar yang sangat wajib untuk dikunjungi.. Lokasinya berjarak sekitar 1,5 jam perjalanan dari Kota Padang dan sekitar 40 menit dari kota Painan",negatif,0
30,Indah betul,positif,1
31,"Salam kenal dari saya ,untuk info trip liburan tipis2 ala backpackers bisa tonton di vidio youtube saya semoga bermanfaat",netral,0.5
32,Surganya ada dipesisir pantai tepatnya Di kawasan Mandeh yok berlibur ke tempat ku insak allah menyenang kan dan memuaskan,positif,1
33,Landscape yang menakjubkan. Kalo mau ke sini dari Kota Padang berangkat pagi yaa. Perjalanan agak jauh sekitar satu jam an. Dan jangan lupa isi bensin karena kalo udah sampe sana susah cari penjual bensin. Gak perlu merogoh kantong dalam â€¦,positif,1
34,"Ke sini pas ujan, tapi buat nyantai asik sih. Jalan menuju kesini luar biasa (mengerikan) buat saya pribadi) karena banyak kelokan dan naik turun bukit yg lumayan tinggi.",negatif,0
35,Alhamdulillah akhinya perjalanan ini membuahkan hasil amat sempurna... Sesuai denga. Target...,positif,1
36,"Raja ampatnya Sumbar...
Pemandangan laut yg aduhai dg banyaknya pulau2 kecil..",positif,1
37,"Mempesona pemandangan banyak pulau yang indah , kita bisa keliling pulau dengan perahu nelayan setempat , harga sangat bersahabat. Colok untuk liburan bersama keluarga dan teman sekolah atau temen kerja. Sungguh masih alami lingkungannya. Laut pantainya bukit yang hijau menambah kesejukan dan suasana yang nyaman",positif,1
38,Bagus banget kayak di raja ampat..cuma harus kuat kuat karna jalannya berkelok kelok,positif,1
39,Panorama pertama yang bisa ditemui dalam Kawasan Mandeh. Dan banyak panorama lainnya dari tiap nagari yang bisa dikunjungi.,positif,1
40,Pemandangannya luar biasa cuma makanannya mahal,positif,1
41,"Lokasi pas untuk melepas penat dari keramaian kota Padang. Lokasi sekitar 70KM dari pusat kota padang.

Pemandangan laut lepas, dengan gugusan kepulauan kecil membentang sejauh mata memandang.

Di puncaknya banyak pedagang makanan ringan. â€¦",positif,1
42,Kereeeen buangeeettt.....,positif,1
43,Keindahan alamnya hampir menyerupai dengan Pandawa beach bali..,positif,1
44,Tempat yang bisa sesaat melepaskan penat..,positif,1
45,Eksotis dan mirip raja ampat tapi di sumatera.. pantai dan airnya bersih pengelolaan tempatnya sudah rapi,positif,1
46,wisata alam sebagai raja ampatnya Sumatera Barat,positif,1
47,"Indahnya raja Ampat Sumbar...,. ingin rasanya berkunjung kembali...",positif,1
48,"Puncak Mandeh adalah kawasan seputaran Pulau Mandeh yang terletak sekitar 7 km dari Padang...  Entah gimana kalau naik mobil ke Puncak Mandeh akan bisa melihat keindahan kepulauan Mandeh yang banyak itu, tidak slaah kalau bisa dibilang Raja â€¦",positif,1
49,"Cek IG @Maharpadang_5u
lukisan alam yang sangat sempurna... lebih indah dilihat langsung dari pada di foto..",netral,0.5
50,Kawasan yg wajib di kunjungi,positif,1
51,Indah memposona,positif,1
52,"jalan ny lumayan ekstrim, tikungan dan pendakian tajam, tp semua terbayar dengan pemandangan yg sangat indah",positif,1
53,Pemandangan Alam yang Menyejukkan  dan cocok utk Week End,positif,1
54,nuansa pantai dan juga di tambah dengan pesona alam yg indah...sangat cocok buat foto perweeding dan foto kenang kenangan bersama orang yg di cintai...,positif,1
55,Pemandangannya keren bgt,positif,1
56,"Sangat rekomended di kota payakumbuh, tempat bersih, rapi dan nyaman, serta pelayanan ramah",positif,1
57,"Di Teluk Mandeh terdapat kawasan wisata, tepatnya di Kecamatan Koto XI Tarusan, Pesisir Selatan yang berbatas langsung dengan Kota Padang. Kawasan ini hanya berjarak 56 km dari Padang dengan Luas Â± 18.000 ha dan waktu tempuh sekitar 56 â€¦",positif,1
58,Tempat dan pemandangan yang bagus buat liburan dan rekreasi,positif,1
59,Negri sejuta pesona,positif,1
60,Puncak mandeh jadi tempat berburu anak instagramable. Kalau liburan jadi tempat wisata yang ramai pengunjung. Karena untuk poto bisa ngantri panjang karena ramainya.,positif,1
61,Sangat bagus pemandangannya,positif,1
62,"Kereen..disini ndak dipungut retribusi loh, tapi kita sadar diri lah jg kebersihan dan jajan2 sikit spy penduduk sekitar ikut sejahtera",positif,1
63,"Pesona alam raja ampat sumatra barat, kreeen.. ğŸ‘",positif,1
64,Raja ampat nya sumbar,positif,1
65,"Viewnya sangat bagus , tetapi ada warung atau tempat bernama panorama puncak mandeh (dibawah screenshot-an nya sebelum ada tulisannya). Tempat itu pelayanan nya buruk sekali , padahal minuman baru ingin diminum sudah diusir dengan alasan â€¦",positif,1
66,"Masuk gratis,
Parkir tersedia,
Toilet, rasanya belum ada.

Banyak penjual makanan dan minuman,
Kopi, Mie Instan, Kelapa Muda, Teh manis semua ada.

Banyak spot foto, tinggal dipilih saja yang relatif sepi.
Kesini cantik diwaktu manapun. â€¦",positif,1
67,"Salah satu kawasan yang lagi hits d sumatera barat... Kawasan dengan gugusan pulau2 yg menawan dan bisa d lihat dari puncak mandeh...

Dan yang perlu kita jaga sebagai penjunjung jngan membuang sampah sembarangan... Krna ketika singgah ke â€¦",positif,1
68,"tempat nya indah, sayangnya masih belum dibenahi",negatif,0
69,Tempat nya sangat pas untuk melepas kan penat...krna suasana nya mash sangat asri & bagus....kalau anda ke padang jangan lupa mampir ke tempat ini...ğŸ˜ğŸ˜ğŸ˜˜ğŸ¤—,negatif,0
70,Mantep,positif,1
71,Viewnya keren laut lepas dengan pulau2 kecil lumayan untuk refresh setelah lelah bekerja tempat ini recomended  bagi pecinta pantai akan terpuaskan dengan pemandangan yang bagus,positif,1
72,". ""Memang kita memiliki kesukaan yang berbeda. Tapi ketahuilah antara pantai dan gunung, kita punya tujuan yang sama, menanti sunset...
Puncak Mandeh adalah raja empatnya SUMBAR",positif,1
73,Pemandangannya indah sekali,positif,1
74,"Tempatnya indah, tapi untuk spot foto hanya sedikit karena tempat duduk yang disediakan untuk makan dan minum terlalu dekat",positif,1
75,"Sebenarnya ada banyak spot foto, gak cuma1 tempat, jadi review nya kolektif saja,hehe...
Sepanjang jalan dari Tarusan sampai ke teluk bungus mata dipuaskan dengan pemandangan pegunungan dan pantai/laut, begitu sampai di puncak, tampak â€¦",netral,0.5
76,Wau laut nya begitu hijau dan indah. Lebih indah yg asli dari pada di kamera,positif,1
77,"puncak mandeh terletak di posisi agak tinggi jadi pemandangan yang diberikan berupa bentangan laut yg cukup bagus, disini ada tempat untuk minum air kelapa dan santai santai, tapi tempat duduk yang anda pilih sudah ada yang punya jadi harus beli jajan di warung mereka. semoga bermanfaat ğŸ‘Œ",positif,1
78,"perjalanan ke puncak mandeh via sungai pisang sangat indah, berjalan di pesisir pantai,kita disuguhkan dg view pulau,puncak,jadi,tanpa ke pulau pun,kita sudah terasa di pulau,bagi pemula dalam berkendara saya sarankan jangan dulu deh,karena rutenya cukup extrim...",positif,1
79,bagus sih tapi pemandangan ketutupan sama yang jualan.. spot foto bagus agak ke bawah dikit dri puncak tempat orang jualan,positif,1
80,Tempatnya indah tp belum dikelalo secara baik.,positif,1
81,"Senang mata memandang....sering kesini.bareng suami..pake motor classic cb 100...
Walau capek duduk selama perjalanan...tp sampe puncak..terbayar sudah....",positif,1
82,"Pemandangannya baguss!!! Airnya bening, spot fotonya bagus,. Ada tempat makan sambil menikmati pemandangan,.",positif,1
83,Luar biasa indah pemandangannya,positif,1
84,Wisata alam sejuk dan nyaman... Angin sepoi2 dan jalanan yg bagus,positif,1
85,Wisata religi 7 Maret  2021 Jorong Taratak.,netral,0.5
86,Taman wisata sejuta pesona puncak mande,netral,0.5
87,Wisata laut yang begitu indah di daerah Pesisir Selatan dengan View nya yg tidak kalah menarik dari Raja Ampat.,positif,1
88,Indah....,positif,1
89,"Jalan menuju tempat wisata sudah bagus,tpi tidak ada petugas untuk mengatur lalu lintas yang ada terutama pada hari libur sehingga terjadi penumpukan kendaraan ditambah lagi dengan banyaknya pengendara yang tidak mematuhi aturan lalu lintas",negatif,0
90,Pemandangan puncak dengan hamparan pulau nan eksotis,positif,1
91,"Salah satu lokasi wisata yang keren di Sumatera Barat.
Tempat ini sangat cocok sekali untuk dijadikan spot foto, karena teluk Painan terlihat jelas dari sini.

Jalannya juga sudah cukup bagus dan mulus, aksesnya juga mudah.

Namun sayangnya â€¦",positif,1
92,Tempat yg indah so jalan menuju lokasi sedikit extrem tanjakannya,positif,1
93,Tempat yang indah untuk melepaskan penat dan berkumpul bersama keluarga.,positif,1
94,Cantik,positif,1
95,"Jalanan ke wisata mandeh cukup menantang, namun pemandangan sangat bagus. Saran saya datang saat pagi atau sore hari..",positif,1
96,"Pemandangan Puncak Mendeh yang Indah di daerah kabupaten Pesisir Selatan, Sumatera Barat. Perjalan naik mobil sekitar 2 jam dari kota Padang.
Tempat ini merupakan destinasi wisata yang cukup lengkap dari keindahan alam perbukitan, â€¦",positif,1
97,"Mohon info nya boss
Wisata puncak Mandeh
Besok buka apa tutup boss
Mohon info nya .....
Terima kasih",netral,0.5
98,Mantap.. subhanallah... sungguh anugerah alam yg luar biasa utk Sumatra barat.. sayang pas kesini cuaca lg mendung mau hujan..,positif,1
99,butuh waktu 1 hari full untuk bisa keliling semua pulau mandeh.,negatif,0
100,"Raja Ampat nya Provinsi Sumatera Barat â›°ï¸ğŸŒŠğŸï¸ğŸ™‚ Alhamdulillah Waktu Berkunjung Kesana,Cuaca Sangat Cerah,&Warna Laut Biru nya Indah Sekali Dipandang.",positif,1
101,"Gak perlu ke Wakatobi, cukup di kawasan wisata Mandeh Kabupaten Pesisir Selatan Samatera Barat",positif,1
102,"Menakjubkan ciptaan allah..
Indaaah dan mempesona
Wonderfull ğŸ˜ğŸ˜",positif,1
103,Bagus bangat..,positif,1
104,Mungkin klo malam br bagus hehe,positif,1
105,"Lokasinya ada diatas, view yang diberikan sangat luarbiasa bagus. Lokasinya tenang, belum begitu rame pengunjung (kesini hari senin), ada penjual minuman dan makanan, tempat parkir (masih) gratis, parkiran cukup luas. Jalan akses kesini â€¦",positif,1
106,"Wisata dengan pemandangan laut yang indah, atau biasa disebut raja ampatnya sumatera barat",positif,1
107,"Sebagai tempat wisata yang hampir menyerupai raja ampat di papua, kawasan mandeh menjadi tempat wisata yang keren ditambah dengan sarana dan prasarana yang sudah mulai berbenah. Akses jalan yang bagus nuga menambah keelokan kawasan ini.",positif,1
108,"Tempat ini sesungguhnya indah, tapi sayangnya pendukung wisata masih jauh dari cukup, sangat di butuhkan investorÂ² guna memfasilitasi smua kebutuhan penunjang wisata agar tempat ini segera banyak pengunjungnya.
Pateeen dan Indah.",negatif,0
109,"Tempatnya cantik, kalo mau liburan bisa bawa keluarga kesini, tapi untuk makan2 cuma ada cemilan ringan...",positif,1
110,"Sesampainya di puncak Mandeh tergantikan rasanya......
Cuma saran saya bagi pengunjung yg melalui batang kabung via sungai pisang harus hati-hati dan dgn performa kendaraan yg optimal karena jln yg berkelok dan tanjakan /turunan curam.",positif,1
111,Amazing puncak indah Mande...coba berkunjung kesini..all....gak jauh beda dengan raja Ampat Papua...all selamat mencoba berkunjung ke sana...,positif,1
112,"Tempat yang nyaman untuk menikmati keindahan alam di liburan akhir pekan, akses jalan yang sudah halus diaspal membuat tempat ini mudah dijangkau, pemandangannya yang indah membuat senang berlama-lama disana, kuliner yang ditawarkan juga tidak terlalu menguras dompet, cocok bagi keluarga atau pasangan muda-mudi kekinian.",positif,1
113,"MasyaAllah
Tempat ini sangat berarti soalnya puncak mandeh memiliki keindahan alam yang luar biasa dan memiliki tempat wisata religi seperti masjid raya mandeh",positif,1
114,"ğŸ‘ğŸ‘ğŸ‘ğŸ‘ tempatnya sangat indah, sejuk & nyaman. Tetapi lokasinya sangat jauh dan tanda/rambu menuju ke lokasi sangat minim, kita hanya mengandalkan informasi dari Google dan bertanya kepada penduduk setempat. Jadi sedikit agak sulit menuju lokasi bagi yang baru pertama ke lokasi ini. ğŸ‘ğŸ‘ğŸ‘ğŸ‘",positif,1
115,So beautiful..kebetulan sampe kawasan mandeh sudah sore sudah menjelang terbenam matahari jadi tambah indah pemandangannya...love it pokoknya,positif,1
116,"Puncak MandehÂ terletak di Kecamatan Koto XI Tarusan, Kabupaten Pesisir Selatan, Provinsi Sumatera Barat dan berbatasan langsung dari kota Padang. Kawasan wisata Pulau Mandeh mempunyai Luas area kurang lebih 18 Ha dan meliputi 7 desa dan 3 â€¦",netral,0.5
117,"Suasana perbukitan yang indah.sungguh mempesona,,,,,,,,,,,,,,,,
Asyyiiiiiiiikk
Apalagi medan nya sungguh menantang....
Jalannya juga bagussss mulusssss.
Pulaunya sungguh seperti di raja ampat...",positif,1
118,Tempat wisata baru hits di Sumatera barat,netral,0.5
119,Kelok sembilan payakumbuh,netral,0.5
120,"Sangat bagus dari pandangan alamnya Perpaduan Gunung, laut dan pulau2 yang terlihat dari kejauhan.",positif,1
121,Mantap,positif,1
122,Puncak Mandeh merupakan puncaknya wisata pulau Mandeh. Terletak di pesisir Selatan Sumatera Barat. Fasilitas umum seperti WC umum dan mushalla belum tersedia dengan baik. Hanya mengandalkan keelokan pulau dan air sebagai background untuk sua foto,negatif,0
123,"Momen gua dsni  emang luar biasa,
Biar pun jauh... Tp  udh smpe  dsna...smua nya  terbayar  smua..krna keindahan  pulau mandeh,, dri puncak  mandeh..
Klau klian mau nyoba sprti  yg gua  rasain...
Silahkan ksna... Pulau mandeh  island, â€¦",positif,1
124,salah satu tepat wisata di pesisir selatan sumatera barat.sebelum di renovasi jalan.,netral,0.5
125,Belom sempat kesini,netral,0.5
126,"Dulu masih enak ngambil foto sih. Sekarang udah ada pula cafe. Gaenak jadinya, walaupun jalannya udah aspal semua. Tapi ya mau gmn. Belumpernah coba jalan terus apakah jalannya aspal hingga sungai pisang",negatif,0
127,"Puncak Mandeh yang letaknya di kecamatan Koto XI terusan kabupaten pesisir selatan atau perbatasan langsung dengan Padang, Kawasan ini merupakan perpaduan perbukitan yang alami dengan teluk dengan keindahan pulau-pulau kecil yang ada di â€¦",netral,0.5
128,Baguss cantikkk asrii,positif,1
129,Seperti raja 4 di Papua..,positif,1
130,Alam yg indah.,positif,1
131,"Pemandangan yang sangat indah, kesini harga serba mahal bahkan parkir jadi kl mau ksni beli makanan dari luar aja",negatif,0
132,"Jalan menuju lokasi wisata puncak mandeh bagus,pemandangannya sangat indah.",positif,1
133,"Pemandangannya sangat bagus, banyak spot foto yang keren.",positif,1
134,Bagus banget kalo dikelola dengan baik.,positif,1
135,Untuk sarana Masih perlu di kembangkan lg ...viev ok banget....,positif,1
136,"Sangat elok dan menyegarkan aku suka dan cinta , aku paling suka angin sepoi-sepoi nya ,, terimakasih",positif,1
137,Sebagus itu,positif,1
138,Makan Mie Rebus dan Mie Gorengnya enak banget disini ğŸ˜,positif,1
139,"Daerah wista pinggir pantai, sangat di sarankan bagi yang melewati untuk beristirahat sambil menikmati keindahan pantai.",positif,1
140,Suasana nya nyaman,positif,1
141,Wajib dikunjungi ğŸ‘,positif,1
142,"Suasana alam yang indah nan memukau, jalan mulus, tak berlubang",positif,1
143,"Pemandangannya bagus, Fasilitas jalan bagus..
Nggak bakalan menyesal ke tempat ini untuk spot berfoti ria..",positif,1
144,"Melihat keindahan gugusan pulau mandeh dari atas... Menunggu sunset.... Tp sayang pilihan kulinernya masih terlalu biasa... Harusnya ada cafe yg jual kopi mantab....

Parkir luas.....harga makanan lumayan relatif mahal... tp standar tempat wisata lah... masih lebih murah ketimbang harga makanan taman safari ğŸ¤£ğŸ¤£",negatif,0
145,"Tempatnya bagus bgt... 11,12 sama raja ampat...",positif,1
146,Kalau dipuncak mandeh duduk harus pesen makanan... Selain itu anda akan disaji kan pemandangan yang menakjubkan...,positif,1
147,Pemandangan nya bagus sekali...,positif,1
148,Tempatnya bagus untuk menunggu sunset. Banyak orang berjualan jajanan ringan untuk teman menunggu sunset. Parkir luas dan aksesnya mudah. Bisa dilalui mobil pendek sekalipun.,positif,1
149,Tempatnya sangat indah... nyesel kalau gak kesini,positif,1
150,"Kami semua sangat puas dengan semua pemandangan di puncak mandeh,masuknya pun 5rb 1 org",positif,1
151,"View sangat bagus,bisa jadi bali ke 2.",positif,1
152,Sangat bagus pesisir selatan punya cerita..tempat wisata baru di sumatra bagian barat,positif,1
153,"Sangat indah, Insya Allah tidak akan rugi kalau ke siniğŸ˜˜",positif,1
154,Lebih mantaaap menuju ke sini via Sungai Pisang melewati Jalan Bungus - Mandeh yang baru.. My Tour My Adventure,positif,1
155,"Menyajikan pemandangan alam yang indah dan terdapat food corner/kafe sederhana. Pemilik kafe juga menyediakan paket liburan ke pulau pulau. Hanya saja kawasan ini kurang bersih, banyak sampah berserakan dan parkir kurang bagus sehingga sedikit kacau saat ramai",positif,1
156,Satu lagi tempat tujuan wisata di sumbar painan yang sangat indah pemandangan lautnya yang bisa di lihat dari puncak mande..,positif,1
157,Bagus banget,positif,1
158,View nya bagus,positif,1
159,Sangat indah dan menakjubkan,positif,1
160,Indahnya puncak mandeh,positif,1
161,Indahnya jajaran pulau kecil disisi barat sumatera barat.,positif,1
162,"View nya bagus, tapi lokasi terlalu sederhana dan belum dipoles utk jadi spot foto yg keren.",positif,1
163,Hai gays ada yg mau follow ig gw gak,netral,0.5
164,Wisata mandeh sumatra barat pesisir selatan,netral,0.5
165,"Nice scenery... Jika mau kesini bisa datang di pagi hari kira2 jam 7-10 pagi ketika hari belum panas - panasnya..
Best place for picnic and family gathering..
Snack ringan juga tersedia dengan harga yang masuk akal.",positif,1
166,Hawa yang sejuk dan segar.. pemandangan alam yang memanjakan mata... hamparan pulau yang menyatu..hmmm....,positif,1
167,Gk ada kata bosan disini..,positif,1
168,Hiburan paling menarik adalah ketika wisata ke pulaunya.. jadi kalau hanya sekedar lewat mungkin akan kurang banyak kegiatan yang bisa dilakukan,positif,1
169,Luar biasa,positif,1
170,"Nice scenery... Jika mau kesini bisa datang di pagi hari kira2 jam 7-10 pagi ketika hari belum panas - panasnya..
Best place for picnic and family gathering..
Snack ringan juga tersedia dengan harga yang masuk akal.",positif,1
171,"Puncak Mandeh adalah Raja Ampatnya Sumatera Barat. Jaraknya 70 km dari Padang Panjang, atau 4 jam naik mobil, pemandangannya bikin capek sirna. Sejauh mata memandang tampak danau dgn pulau pulau kecil di ujung dan di tengah-tengahnya. Miniatur surga.",positif,1
172,"Pemandangan yang sangat indah dan menawan, laut yang tenang dan gugusan pulau kecil2",positif,1
173,"Semoga kedepannya makin wah,dan menarik untuk di kunjungi bagi wisatawan asing",positif,1
174,Tempat yang cocok bagi sangat untuk melihat kepingan surga,positif,1
175,"Puncak mandeh merupakan salah satu tempat wisata di pesisir selatan Sumatera Barat, menikamati susunan pulau-pulau kecil yang menambah indah susana. Puncak mandeh sering di sebut-sebut juga degan raja ampatnya Sumatera. Jarak dari kota â€¦",positif,1
176,Tempatnya sangat indah... nyesel kalau gak kesini,positif,1
177,"Pemandangan alam yang luar biasa indahnya ciptaan Ilahi.
Jalan halus mulus, hati-hati bagi yang baru bisa mengendarai kendaraan karena jalannya sangat ekstrim",positif,1
178,Kelok sembilan payakumbuh,netral,0.5
179,Saya ga tau mau lapor sama siapa... pengalaman saya lebaran kemaren di kampung halaman di kapal ga ada tong sampahnya aturan pemerintah bisa membuankan peraturan tentang sampah di tiap kapal.sayangkan daerah yg bagus gini JD ga bagus gara sampah. Foto sore saat kapal bagan sedang berangkat mencari ikan .,negatif,0
180,Tempat yang Indah,positif,1
181,"Jalan menuju Puncak Mandeh tidak terlalu besar karena merupakan jalan penduduk kampung, tapi pas untuk 2 mobil. Pemandangannya bagus sekali seperti sedang di Raja Ampat. Air laut berwarna biru toska akan terpancar jika kita berada disini saat siang hari.",positif,1
182,"Pemandangan alam yang luar biasa indahnya ciptaan Ilahi.
Jalan halus mulus, hati-hati bagi yang baru bisa mengendarai kendaraan karena jalannya sangat ekstrim",positif,1
183,"Natural view ğŸ‘ğŸ‘akses menuju lokasi bagus,walaupun ada beberapa persen yg masih jelek..",positif,1
184,"Menyajikan pemandangan alam yang bagus, 4 tahun sebelumnya pernah kesini, masih sangat asri dan sepi. Sekarang sudah tertata tapi sampah masih berserakan dimana-mana. Over all cukup menyenangkan",positif,1
185,Saya sangat suka,positif,1
186,pemandangan laut yang bagus. menikmati pemandangan laut dan pulau serta menyusuri jalanan yang berliku membuat ingin kembali lagi dan lagi.,positif,1
187,Cukup bagus untuk spot foto,positif,1
188,"Tempatnya bagusss.. jadi inget takengon (aceh).. tapi sayang.. kayaknya belum dikelola dengan baik.. masih apa ya, kayak rusuh gitu pas datengnya ğŸ˜… kemarin kemari bareng ""keluarga baru"" jadi bahagianya dabel dehh. Oya perjalanan kemarinyaaaaa subhanallaaaah ya allah banget ğŸ˜‚ tapi alhamdulillah kebayarr.. lunass ğŸ–¤ğŸ–¤",positif,1
189,Cocok untuk menenangkan pikiran karena pemandangan nya itu sangat bagus,positif,1
190,"Tempat dengan pemandangan yang luar biasa,raja ampat nya sumatera barat",positif,1
191,Pemandangan bagus,positif,1
192,"Pemandangannya indah, jalan menuju lokasi sangat nyaman",positif,1
193,"Spot keren, pemandangan menyejukkan mata",positif,1
194,Sampai puncak cuman bisa liat view laut aj sih..tapi yg jauh lebih seru..adventure keliling pulau mandehny yg amazing...,positif,1
195,Raja ampat nya Sumatera. Ayo rasakan sensasi pemandangan alam nya.,positif,1
196,Pemandangan yg sangat indah bisa untuk wallpaper,positif,1
197,Pesona yg bagus untuk dijadikan pengobat lelah setelak seminggu aktivitas dikampus atupun dikantoran...,positif,1
198,Tempatnya bagus dan cocok buat pergi jalan2 dg keluarga.. Kita juga bisa pergi ke pulau nya dg menyeberang laut menggunakan kapal kecil,positif,1
199,Pandang jauh lihat bentangan alam dan samudera.,positif,1
200,"Kawasn mandeh merupakan tempat wisata yang lagi di promosikan oleh dinas pariwisata pesisir selatan.
Bukan hanya pulau yang menjadi primadona di kawasn mandeh, puncak mandeh salah satu wisata dari kawasan mandeh ini. Terletak di jln yang â€¦",netral,0.5
201,"View laut dan pulau terbentang indah jika dilihat dari sini. Lalu nyobain makan siang juga di sini, sayang kurang memuaskan. Kebersihan makanan kurang terjaga dan rasa yang kurang nikmat di lidah. Mungkin karena belum dikelola secara â€¦",positif,1
202,"Puncak Mandeh adalah Raja Ampatnya Sumatera Barat. Jaraknya 70 km dari Padang Panjang, atau 4 jam naik mobil, pemandangannya bikin capek sirna. Sejauh mata memandang tampak danau dgn pulau pulau kecil di ujung dan di tengah-tengahnya. Miniatur surga.",positif,1
203,"Pemandangan nya bagus, cocok untuk bersantai",positif,1
204,seru pemandangan nya luar biasa,positif,1
205,"tempatnya bagus, dan juga cukup bersih, akses jalannya lancar",positif,1
206,"Puncak mandeh merupakan salah satu tempat wisata di pesisir selatan Sumatera Barat, menikamati susunan pulau-pulau kecil yang menambah indah susana. Puncak mandeh sering di sebut-sebut juga degan raja ampatnya Sumatera. Jarak dari kota â€¦",positif,1
207,Viewnya cantik banget dgn perpaduan warna laut yang cantik.,positif,1
208,Viewnya bagus..jalan menuju lokasi 75% sudah bagus,positif,1
209,Bagus indah menghadap laut langsung,positif,1
210,Subhanallah...indahnya ciptaan Allah,positif,1
211,"Bagus view nya
Onde Mande",positif,1
212,Indah sekali,positif,1
213,"Kawasan seribu pesona,Alamnya indah dan Alami menyejukkan matavdan Pikiran",positif,1
214,Nice lah pokok nya,positif,1
215,"pemandangan yang sangat memanjakan mata, dan tempat foto paling bagus ğŸ‘ğŸ‘ğŸ‘",positif,1
216,Bagus sekali,positif,1
217,"Tidak pernah bosan kesini, apa lagi perginya lewat sungai pisang, pemandangannya bagus sekali",positif,1
218,sangat indah dan bagus untuk fotografi...,positif,1
219,Sangat cantik,positif,1
220,"Pemandangan yang sangat indah dan menawan, laut yang tenang dan gugusan pulau kecil2",positif,1
221,Mantap,positif,1
222,"Sangat indah dan menakjubkan, jalannya mulus namun tanjakan cukup ekstrim, perlu tambahan fasilitas",positif,1
223,Keren abis....sayang banget klo ga kesini..banyak spot poto yg bagus2 disini...,positif,1
224,Cerita kami,netral,0.5
225,Suasa dan pemandangan nya patut dilihat pagi/sore hari,positif,1
226,"Suasana nya sangat bagus..
And nyaman. Buat ambir gambar mantap
Loveyou puncak mandeh",positif,1
227,Jalannya Yang Bagus dan menarik buat berfoto foto,positif,1
228,"Pemandangan dari atas,disarankan pas lagi cuaca cerah...",positif,1
229,Pemandangan yg bagus sekali,positif,1
230,"Tempat ini cocok bagi orang yg suka berfoto dengan alam,dan cocok ber rekreasi dengan keluarga tercinta",positif,1
231,Tempat destinasi yg baru jalannya baru diaspal lokasinya bagus tapi baru sedikit yg baru sampai kesana,positif,1
232,Indah sekali,positif,1
233,Tempat Wisata keluarga yang seru..,positif,1
234,Pemandangan nya woooowww mantap sekali,positif,1
235,"Lokasi bagus gan, tapi masih perlu banyak ditambahkan fasilitas umum dan keamanan",positif,1
236,Lingkungan masih asri dan sangat indah ciptaan tuhan yang maha esa,positif,1
237,"Sepintas seperti danau,namun ini adalah laut yang dikelilingi perbukitan",netral,0.5
238,tempat duduk-duduk dan makan di pinggiran puncak,positif,1
239,Keren,positif,1
240,Wisata alam yg indah.aman. damai.,positif,1
241,"Pemandangan nya mantap, hanya saja masih kurang bersih",positif,1
242,Akses jalannya bagus,positif,1
243,Pemandangan yg sangat indah,positif,1
244,Menakjubkan sekali,positif,1
245,Alam nan asri,positif,1
246,"Nice place, wisatawan msh dikit yg tau, jd suasana nya msh sgt tenang dan damai. Raja ampatnya Sumbar",positif,1
247,"Semoga kedepannya makin wah,dan menarik untuk di kunjungi bagi wisatawan asing",positif,1
248,Kawasan wisata baru di daerah tarusan kab.pesisir selatan,positif,1
249,Kawasan wisata mandeh pessel nan eksotik,positif,1
250,Cari hari yang menurut kalian cerah apabila ingin mendapatkan sunset yang indah.,positif,1
251,"Jalan menuju puncak mande dari terusan sgt indah,  sungguh indah pemandangan tiada tara.  Tp pas di area puncak mande,  jelek. Blm ada sentuhan untk wisata. Cafe2 bermutu tdk ada,  byk sampah. Padahal view ke bawah sgt la indah.",positif,1
252,Saya ga tau mau lapor sama siapa... pengalaman saya lebaran kemaren di kampung halaman di kapal ga ada tong sampahnya aturan pemerintah bisa membuankan peraturan tentang sampah di tiap kapal.sayangkan daerah yg bagus gini JD ga bagus gara sampah. Foto sore saat kapal bagan sedang berangkat mencari ikan .,negatif,0
253,Menakjubkan emazing cantik dan seksi,positif,1
254,Tempat yang cocok bagi sangat untuk melihat kepingan surga,positif,1
255,Jika andas seorang penyuka pantai dan sunset. Saya rekomendasikan untuk mengunjungi puncak Mandeh. Karena semuanya satu paket tersedia akan keindahannya alam.,positif,1
256,"Sungguh indah, ingin rasanya balik lagi kesini",positif,1
257,"Bagus, masih asri",positif,1
258,Tempat yg luar biasa,positif,1
259,"Lokasi pantai masih bersih, air sangat jernih, pemandangan sangat indah. Dekat pantai terdapat sebuah pulau yang dapat dikunjungi, yaitu pulau setan. Harga penyebrangan lumayan mahal menggunakan boat, kemungkinan hal tersebut terjadi karena sedang Hari Libur Besar.",positif,1
260,Indah beut,positif,1
261,Indah dan menawan,positif,1
262,Keren view nya dr sini...ğŸ˜,positif,1
263,Pemandangannnya luar biasa,positif,1
264,Bukit yang Indah...,positif,1
265,Ciptaan Allah yg luar biasa indhnya,positif,1
266,"tempat nya bagus dan view nya luar biasa, jalan akses kesana sudah lumayan bagus, walaupun panas tetapi akan terbayarkan ketika sudah sampai disana karena akan disajikan dengan pemandangan yang sangat indah",positif,1
267,Akses jalannya bagus,positif,1
268,Pemandangannya bagus,positif,1
269,Worth it banget. Bagus. Disana ada tempat makan. Harga juga murah.,positif,1
270,Cocok buat yang suka traveling..,positif,1
271,Karena wisata bagus dan penduduk nya sopan santun dan ramah.,positif,1
272,Refreshing dulu sanak ğŸ˜ŠğŸ˜ğŸ˜˜,positif,1
273,Keren bangett,positif,1
274,bagus sekali.. airnya masih bening.. semoga dijaga kebersihannya oleh penduduk sekitar dan wisatawan,positif,1
275,"That's amazing place...
Wonderful.

Tempat yang cocok untuk mengabadikan moment.

Minusnya lahan parkir terbatas",positif,1
276,Itinery perjalanan paket tour yg sering saya kunjungi,netral,0.5
277,Auto gak nyesel,positif,1
278,B ajah,negatif,0
279,Sangat indah,positif,1
280,Raja 5,netral,0.5
281,Exotic. Luar biasa banget,positif,1
282,Salah satu tempat wisata terbaik dan terkeren di provinsi Sumatera barat alias Sumbar. Keindahannya sulit dijelaskan dengan kata-kata. Pokoknya top banget! Sampai dapat julukan raja ampatnya Sumatera.,positif,1
283,"Tertata ,mantap,parkir luas,lokasi banyak,jajanan murah",positif,1
284,Tempat ny bagus banget...,positif,1
285,Pemandangan dari sini sangat indah melihat kelautan samudera hindia dan pulau pulau yg sangat indah,positif,1
286,Indah nya,positif,1
287,"Alhamdulillah, bisa berkunjung kemari",positif,1
288,Spot yg sangat bngut...beutiful,positif,1
289,"Sejukkkk ... tempatnya is the best , ingat sumatera barat , ingat puncak mandeh !!!",positif,1
290,Baru pertama. Keren!,positif,1
291,"Subhanallah,.Allahu akbar, indah sekali..",positif,1
292,Keren!!,positif,1
293,View nya bagus pake banget,positif,1
294,Indah sekali.... ğŸ‘,positif,1
295,"Pemandangan yang menakjubkan, pulau-pulau dan laut",positif,1
296,Pesona pesisir selatan,positif,1
297,Indah...ğŸ˜ğŸ˜ğŸ˜,positif,1
298,"Alam bner"" bersih serasa dekat dengan tuhan, smoga pemkot bisa trus mlestarikan keindahannya,

Kalo ada warung kopi lumayan nih hehe",positif,1
299,Kereen laah...,positif,1
300,Pemandangan yang indah dengan jalan yang cukup menantang andrenalin...,positif,1
301,"Emang benar cerita orang ini raja empatnya sumatera, pemandang yg indah dari atas puncak, skarang jalan ke puncaknya bagus karena baru di aspal dan lebar",positif,1
302,"Lokasi yang cukup bagus, dan sedang pembangunan infrastruktur.",positif,1
303,Mantul...ğŸ‘ğŸ‘,positif,1
304,Keren,positif,1
305,Keren,positif,1
306,Pemandangan alam nya sangat bagus,positif,1
307,Endah pemandangan nya,positif,1
308,Good destination for wisata alam,positif,1
309,Surganya gue,positif,1
310,Pemandangan yg lumayan bagus tp sayang byk sampah berserakan tdk dibersihkan,negatif,0
311,Lumayan indah..,positif,1
312,Bagus tempatnya,positif,1
313,NICE panorama alam,positif,1
314,Rekomended buat wisatawan ~ Alam Sumatera itu masih alami dan hijau banget.. Saya berharap Pemda setempat tetap menjaga kelestarian alam dengan baik.,positif,1
315,"Pemandangannya bagus, tempat makannya perlu dikelola dgn baik",positif,1
316,Pemandangan indah bisa mengunjungi pulai dari sini,positif,1
317,Suasana pemandangan indah....berbagai pulau kecil nampak dri puncak mandeh,positif,1
318,Tempat yang sangat mengesankan dengan pemandangan indah,positif,1
319,Tempat yg sangat Indah,positif,1
320,Semua pulsa ada di sini,netral,0.5
321,Belum ada hiburan yang baik,negatif,0.5
322,Viewnya bagus banget.,positif,1
323,Pemandangannya asyiiik...,positif,1
324,View ke laut nya oke banget,positif,1
325,Pemandangan nya indah,positif,1
326,Tempat yang indah,positif,1
327,"Puncak Mandeh, satu destinasi wisata di Sumbar yang sangat indah, alami dan penuh pesona.",positif,1
328,Jalan menuju ke lokasi masih mulus. Pemandangan bagus.,positif,1
329,"Panorama yang indah, raja ampatnya sumatera barat",positif,1
330,"suka sekali dengan puncak mandeh pesisir selatan tempatnya bagus, sangat menawan.  cocok untuk liburan dengan kerabat saudara maupun keluarga.",positif,1
331,Tinggal merawat kebersihan,negatif,0
332,Lokasinya bagus tapi masih gersang,negatif,0
333,Pemandangannya sangat indah dan masih alami,positif,1
334,"tempat nya indah sekali, sama seperti raja ampat",positif,1
335,indah sekali,positif,1
336,Jalur ke Padang dari Puncak Mandeh,netral,0.5
337,"Pemandangan keren, warung penjual harga sahabat. Hehe ğŸ˜…",positif,1
338,"Jalanan yang bagus , puncak yang indah untuk liat matahari tenggelam",positif,1
339,Tempat berwisata  paling populer di sumatera barat... mengalahkan tempat wisata yang lain... dengan keindahan alam sangat memukau,positif,1
340,Sangat bagus dan indah,positif,1
341,"Pemandangan nya sangat bagus, cocok untuk berfoto2",positif,1
342,"Ini viewnya keren abis...juga bnyak pulau2 yg bsa di jadiin tmpat snorklin dan diving...pantainya juga bagus...di sini juga bnyak nama2 puncak buat foto2....akses kesana tidak bgtu jauh dari kota painan sktr 30 menit, kalau dari padang sktr 2 jam an....",positif,1
343,Great view from west sumatera,positif,1
344,Obyek wisata yg menarik,positif,1
345,Pemandangannya indah,positif,1
346,Wisata nestinasi puncak mandeh emng pas untuk di kunjungi,positif,1
347,"suka deh. kalau bisa calo nya ilang, tolong masyarakat selalu ramah sama wisatawan. biar tambah rame kesini. kan ekonomi juga naik karna kedatangan wisatawan. iya kan??",negatif,0
348,Tempat Bagus untuk Wisata Kluarga,positif,1
349,Sunguh Indah,positif,1
350,Viewnya bagus ğŸ‘ğŸ‘ğŸ‘,positif,1
351,Bagus untuk wisata keluarga menikmati pemandangan alam dan laut.,positif,1
352,Menarik,positif,1
353,Mantep dah pas sunset,positif,1
354,"Waktu saya berkunjung 30-12-2019 sudah ada retribusi 5rb/orang, parkir di pinggir jalan gratis , parkir dilahan lapangan di lokasi puncak ada biaya parkir 5rb. Banyak warung2 lokal di spot2 tikungan. Jalan mulus, bagus hati2 ada beberapa tanjakan/turunan curam",netral,0.5
355,Mantap,positif,1
356,View ny cantik banget.. jalan ny bagus.. ada bbrp t4 utk nangkring.. harga juga standar.. cocok banget utk ngilangin suntuk kerja an.. adeeeem mandangin laut dan langit biru ny dr puncak mandeh..,positif,1
357,"raja ampat sumatra barat,",positif,1
358,"cuman tempat untuk fotoÂ² doang, sama istirahat njerr, tapi klo mau wisata airnya harus nyebrang duluu ke pulau :v",netral,0.5
359,sumpah ini bagus skli,positif,1
360,Tempat ya sangat indah,positif,1
361,"Keren, seperti sebuah danau di tepi pantai",positif,1
362,Masih minim fasilitas,negatif,0
363,Alam yang indah dan asri,positif,1
364,Tempat yang sangat bagus dan nyaman sekali,positif,1
365,Bagus tapi belum tertata,negatif,0
366,Kereeen abis loh,positif,1
367,Mantap,positif,1
368,"tidak seperti ekspetasi sy sebelumnya. sayang ga ada bangku untuk menikmati. bangku hanya disediakan oleh warung2 yg jualan di sekitar situ, masih lebih bagis puncak paku",negatif,0
369,Sangat indah memandang danau dari atas,positif,1
370,Dulu jalan ke sini jelek sekarang sudah bagus. Dan udah rame ke kesini.,positif,1
371,kopdar Panter Mania Ranah Minang (PMRM),netral,0.5
372,pemandangan menyeluruh jajaran pulau di wisata bahari Mandeh,netral,0.5
373,Pemandangan yang luar biasa,positif,1
374,"Pemandangan yang sangat indah dan menakjubkan, banyak yang bilang tempat ini raja ampat punya sumatera barat",positif,1
375,"Viewnya bagus, retribusi masuk resmi dari dinas pariwisata Rp. 5.000 / org, parkir mobil Rp. 10.000 (pas libur lebaran, ga tau hari lain berapa),
(-) tapi sayang, sarana jalan menuju kesana sangat-sangat memprihatinkan. Harus menjadi prioritas utama untuk segera dibenahi oleh pemerintah setempat.",positif,1
376,"Mantap, indah dan nyaman.",positif,1
377,"View nya baguuuuus, jalan untuk ke puncak belum cukup bagus",positif,1
378,Kawasan wisata mandeh..sangat indah pemandangan laut nya..dan merupakan destinasi terbaru yang sangat banyak dikunjungi..,positif,1
379,pemandangan terindah dlm jalur sumatera,positif,1
380,top view pokoknya,positif,1
381,Anak yang sholeha,netral,0.5
382,"Pemandangannya bagus, cuma sangat kecewa, disetiap spot cantik untuk berfoto udah diisi oleh lapak pedagang....",negatif,0
383,"Gak seperti yg digadang gadang, puncak Mandeh panoramanya memang indah, tapi jalan dari Padang sampai ke sana bikin perut mules..",negatif,0
384,"Tempatnya bagus, pemandangan nya  bagus, airnya jernih",positif,1
385,Mantap deh tempatnya... Cocok untuk liburan keluarga... Yg mau ajk pacarnya juga mantul abis ni tempat,positif,1
386,Pemandangan yg cukup indah kala malam... Bagusan klo Ciank hari pemandangan nya..,positif,1
387,Indah dan mempesona.,positif,1
388,Indah Sekali,positif,1
389,"Indah sekali, fasilitas Sangat memadai",positif,1
390,"Untuk spot dan parkirnya agak gmana gitu, masih butuh perbaikan, kalah mulus sama jalanannya...

Untuk paket wisata bisa cek di gambar, untuk weekdays masih bisa nego harganya...",negatif,0
391,"Keren banget, jalanannya mulus, tapi turun naiknya terjal 20-30%, disarankan bawa kendaraan kondisi prima dan berpenggerak roda belakang. Mandeh buat av-xen, apv luxio. This kind of terrain is why tyt market was so big.",positif,1
392,Melaut...,netral,0.5
393,biasa aja. nothing interesting.,negatif,0
394,"Puncak mandeh alamnya indah sekali, jalan menjelang sampai dipuncak mandeh berada di perbukitan dan pinggiran pantai",positif,1
395,bagus pemandangannya,positif,1
396,Bali baru indonesia,positif,1
397,Luar biasa pemandangan nya,positif,1
398,Puncak Mandeh di Kabupaten Pesisir Selatan Sumatera Barat dengan pemandangan yang sangat indah,positif,1
399,Ok lah,netral,0.5
400,Sangat bagus,positif,1
401,Mantap wahananya,positif,1
402,"Kalau siang kamera hp,  tidak bisa bekerja maximal",negatif,0
403,Surganya pesisir selatan...,positif,1
404,Pemandangan yg menakjubkan,positif,1
405,Indah viewnya,positif,1
406,Wisata di Sumatera Barat,netral,0.5
407,"Puncak mandeh terletak di kabupaten pesisir selatan. View ke arah laut lepas sangat indah dinikmati. Kalau berlibur ke padang, mampirlah kemari. Hanya 2 jam dari kota padang. Sayangnya saat kami ke sana sedang turun hujan.",netral,0.5
408,"Pemandangan yg mempesona, raja ampat nya sumatera barat",positif,1
409,"Gak bosen liat pemandangan nya.
Cuma kurang aja karena gk sempat foto kilat",positif,1
410,Puncak mande sumbar,positif,1
411,Raja 4 nya sumbar,positif,1
412,Tempat yg asek buat liburan raja Ampat nya Sumbar,positif,1
413,"Raja ampat nya sumatra ,beutifull day on place number one south pesisir ğŸŒ¿ğŸŒ¿ğŸŒ¿",positif,1
414,Pemandangan mantap....perlu kendaraan yg top performance,positif,1
415,"menurut saya kawasan mandeh yang terletak di kabupaten pesisir selatan ini sangat menarik, karena terdapat pemandangan laut dan hamparan pulau yang sangat indah disekitar kawasan tersebut. untuk saat ini pemerintah juga sudah men support â€¦",positif,1
416,bagus sekali.. airnya masih bening.. semoga dijaga kebersihannya oleh penduduk sekitar dan wisatawan,positif,1
417,Mantap wisatanya,positif,1
418,"Keren sangat....
jalannyapun luar biasa,
Cm klo dari padang sebelum sungai pisang jalanannya ektrim!
Semoga kedepannya pemerintah mempunyai solusi untuk mempermudah akses jalan baru yg tidak terlalu ektrim..
tp sepanjang jalan sampai ke lokasi sangat mantap,.",positif,1
419,Kalau mau liburan jangan lupa ke puncak mande apalagi melewati jalan baru dari desa sungai pisang jalannya berliku2 dan indah dengan dikelilingin pemandangan indah dan hamparan laut yang luas dan diselingi dengan pulau2 kecil disekitarnya,positif,1
420,Baguss,positif,1
421,"Pemandangan nya bagus menatap ke arah laut, pantai2 di sana bersih, pantai air manis kalah sama pantai2 di kawasan mandeh",positif,1
422,Menarik,positif,1
423,Tempat nya indah view-nya pulau pulau di kawasan Mandeh Tarusan Pessel Sumatra barat,positif,1
424,"Tempat yg sangat bagus,  suasana nyaman Dan tenang.  Melalui jalan baru banyak spot indah untuk di nikmati sepanjang perjalanan.  Hanya rambu2 jln masih minim sehingga hrs extra hati2.",positif,1
425,"Puncak Mandeh merupakan objek wisata yang bnyak di kunjungi para wisatawan lokal maupun luar kota Sumbar, pemandangan nya yang menakjubkan jika kita berada di puncak yg dan di kelilingi lautan dan pulau yg berada di sekitar.",positif,1
426,"Another paradise in West Sumatera. Raja Ampat version of Sumatera Barat. Tempat wisata yang menyerupai Raja Ampat, terletak di Kabupaten Pesisir Selatan. Lebih bagus masuk dari Sungai Pisang, menyusuri jalan kecil disana, kita akan disuguhi â€¦",positif,1
427,"Lokasi ny bagus
Tapi kurang luas
Juga msh gerah",positif,1
428,Keren,positif,1
429,Wisata yang harus dikunjungin,positif,1
430,Cantik dan menawan AYO ke MANDEH,positif,1
431,View nya udah bagus..tp kalau bisa wahana atau objek wisata nya dtambah....mksh,positif,1
432,"Tempat wisata paling indah, panorama nya yg luar biasa mempesona.",positif,1
433,"Pemandangan yang masih asri dan itu sangat bersih dari sampah,kalau kesana tetap jaga lah kebersihan ya :)",positif,1
434,"Ketika kami sampai di puncak mandeh...., serasa berada di dunia lain",positif,1
435,Sesuatu banget oii...,positif,1
436,"Semoga berkembang wisata pantai dan pulaunya, fasilitas, infrastruktur dan pelayanan masyarakat sekitarnya. Raja Ampatnya Sumatera bagian barat.",positif,1
437,tempat wisata yg bagus tp masih banyak sampah,netral,0.5
438,Masalahnya di bangku aja... Karena dikelola perorangan jadinya mau duduk agak ramai harus terpisah pisah karena yg punya beda orang,negatif,0
439,Kerennn,positif,1
440,Indah sekali,positif,1
441,Mantap jalanan.sangat cocok utk uji adrenalin kalau melalui sungai pisang.harus kendaraan benar-benar sehat.,positif,1
442,Bagus pemandangan nya..sayang nya areal parkir terbatas..jalan menuju ke puncak Mandeh agak curam..butuh kepandaian yg bagus nyetir mobil,negatif,0
443,ada banyak kenangan di tempat ini.,positif,1
444,Bagus dan indah,positif,1
445,"Fasilitas sangat kurang, hanya ada warung2 milik warga sekitar belum ada pembangunan untuk sarana publik",positif,1
446,"Pemandangannya bagus bgt ....
Jln kesana jg halus mulus ...",positif,1
447,Keren view-nya,positif,1
448,"Pemandangan dari puncak Mandeh terlihat indah, terlihat beberapa pulau dari atasnya. Cocok jika ingin menikmati keindahan alam dan bersantai",positif,1
449,Tempat yang bagus untuk menikmati sunset,positif,1
450,Rekomendasi banget...,positif,1
451,Pemandangannya bagus. Sayang waktu saya datang cuaca kurang bersahabat. Kebersihan masih kurang terutama toiletnya.,negatif,0
452,"Salah satu tempat wisata tervaforit di sumatera barat, dengan pemandangan alam yang indah dari puncak mandeh",positif,1
453,"Destinasi baru buat warga sekitar, yg udah bosan dengan pantai cerocok, mungkin ini bisa jadi pilihan",positif,1
454,Puncak yg indah..berkelok kelok... Dan sanak saudara ad yg berniaga disana,positif,1
455,Keindahan alam ciptaan Allah yg tak dpt dilukiskan dgn kata2...hanya dpt dinikmati dgn segala rada sukur yg tak terhingga atas karunia ini...,positif,1
456,"Wisata terkece badai, mantap",positif,1
457,Indah Sekali Ranah Minang,positif,1
458,Pemandangan bagus tapi fasilitas umum dan kebersihan masih kurang. Sampah bertebaran dimana-mana,positif,1
459,Bagus.....,positif,1
460,LumayanlahğŸ‘ğŸ‘,positif,1
461,"Raja Ampatnya Sumatera Barat ... beautifull place ... 3 jam dari kota padang ke arah jambi ... jalannya seru banget, ga rugi deh jauh2 kesana ... cuma klo memang niat bisa turun sampai bibir pantai, sebaiknya bawa mobil 4x4",positif,1
462,"Pemandangannya bagus. Kebetulan sy datang ketika cuaca cerah jadi benar-benar terlihat keindahannya. Gak nyangka juga itu laut, karena airnya tenang.",positif,1
463,kondisi alamnya sangat indah,positif,1
464,Aduhai pemandangannya,positif,1
465,Mantap,positif,1
466,Tempat nya soswit,positif,1
467,"Mantap!!! Buat yg ke padang, wajib bgt ke sini!! Dr pagi y,,ga nyesel!!",positif,1
468,Pemandangan sangat indah.,positif,1
469,Pemandangannya indah banget,positif,1
470,"Betul2 tempat yang bagud,  tidak menyesal datang kesini karena banyak spot yang bagus",positif,1
471,"Pemandangan baguuus bgt, tp jalan menuju kesini ekstrim meskipun fasilitas jalan raya sdh baik",positif,1
472,Keren,positif,1
473,Spot wisata baru di daerah pesisir selatan sumatera barat yang sangat indah dan menabjukkan.sungguh saya terpesona,positif,1
474,Jalannya keren,positif,1
475,Luar biasa alam indonesia,positif,1
476,"Pemandangan bagus,jalan menuju lokasi lumayan ekstream",positif,1
477,"Pemandangan yang indah, jalan aspal masih baru, udara sejuk",positif,1
478,Pemandangan disini cukup indah.. bisa melihat pulau2 disekitarnya.,positif,1
479,"Pemandangan nya bagus,,,raja ampat nya sumatra barat,,,,saran nya jangan pergi pada siang hari,,,karna sangat panas,,di saran kan berkunjung pagi atau sore",positif,1
480,ibu adalah mandeh.....  eeeeeee   gimana?     silakan menjadi baik,netral,0.5
481,Raja ampat nya Sumatera Barat,positif,1
482,Bagus,positif,1
483,Sangat menarik...,positif,1
484,"View bagus untuk foto-foto, namun belum ada tempat memadai hanya untuk sekedar parkir, preman/warga yg pungli terlalu banyak sehingga suasana menjadi kurang bersahabat",positif,1
485,"Kereeennn habis Viewnya...,. Rekomendasi buat Dulur yg diluar Sumbar utk berkunjung kesini",positif,1
486,"Jalan bagus , pemandangan bagus tetapi prasarana lainnya masih kurang memadai, lahan parkir ala kadarnya , toilet jorok  gak ada  air bersihnya , kios penjual makanan masih ala kadarnya dan belum tertata dengan baik. Rambu Penunjuk jalan masih belum  lengkap",positif,1
487,Indah,positif,1
488,"jalan menuju pundah mandeh sudah sangat bagus,beraspal, walo pun medan nya mendaki  kalo kita datang dari padang, lewat sungai pisang, tapi perjalanan nya jadi penuh dengan petualangan yg sangat seru.",positif,1
489,Pemandangan yg luar biasa gak kalah sama raja empat,positif,1
490,Kawasan wisata mandeh surga yang tersembunyi,positif,1
491,Sangat indah kuasa Allah SWT dengan keindahan puncak mandeh... destinasi Wisata sumbar,positif,1
492,"Emang dahsyat pemandabgan di mandeh
Saya sangat like untuk daerah sumbar no 1.",positif,1
493,Pemandangannya bagus..,positif,1
494,pemandangan indah sekali dan suasana tenang,positif,1
495,Jelek tak seindah promosinya. Sebaiknya yang jauh ga usah kesana. Letih dan besarnya biaya yang dikeluarkan tidak sepadan dengan apa yang di dapat kan. Semoga pengelola memperbaiki layanannya,negatif,0
496,mantap,positif,1
497,Mantap buat pengingat diri,positif,1
498,"Raja ampatnya sumatera...puncak mandeh view, viewnya kek lukisan aja",positif,1
499,"Wow mantap nya pemandangan alam terindah yang pernah ada,ini lah raja Ampat kedua,yg bertempat d puncak indah Mande daerah Tarusan kab pesisir Selatan",positif,1
500,Indah,positif,1
501,tempat refreshing yang rekomendasi,positif,1
502,Pemandangan laut yg sangat indah dan takjub akan ciptaan Allah SWT,positif,1
503,Keren tmpatnya,positif,1
504,Salah satu wisata Alam yang prospek dgn ditambah prasarana jalan yang akan dibangun,positif,1
505,"Puncak Mandeh, salah satu destinasi wisata terbaik di Sumatera Barat saat ini, penduduk sekitar yang ramah dan view yang sangat mengagumkan menjadikan tujuan wisata. Puncak Mandeh menjadi tujuan wisata terkenal dikalangan wisatawan lokal â€¦",positif,1
506,Pemandangannya bagus,positif,1
507,"Bagus, apalagi kalau kita melewati jln pintas dri bawah, mata akan dimanjakan oleh pemandangan laut nan indah",positif,1
508,Tempat Tambal ban ada gk di sini heehee,positif,1
509,"Ekspektasi saya sungguh tinggi ketika guide menyampaikan bahwa kami hari itu akan ke Puncak Mandeh, kawasan yang baru-baru ini didatangi dan diresmikan langsung oleh Presiden Jokowi. Semua ekspektasi tidak terbayar, selain oleh pemandangan â€¦",negatif,0
510,Pemandangannya indah,positif,1
511,Salah satu objek wisata yang wajib dikunjungi di Sumatera Barat,positif,1
512,cumaaaa jauh banget jalannya. tapi puas kalo gak buru2 sih,netral,0.5
513,Belum sempurna,negatif,0
514,Indah banget apalagi naik kapal ke pulau2 sekitarn wisata mandeh... ngangenin..,positif,1
515,Keren pemandangan pantainya,positif,1
516,Tempat yg tepat buat liburan dan menghilangkan stres ğŸ‘ğŸ‘,positif,1
517,Kepingan surga di sumatera barat,positif,1
518,Indah,positif,1
519,Lengkap,netral,0.5
520,"View mirip raja ampat, ada tempat istirahatnya",positif,1
521,"Ancakkk bana.

Waktu itu kesana lagi sunrise. Bagus banget. Pulau-pulaunya kayak raja ampat kalau dilihat dari atas (gak beda jauhlah).

Recomended banget.

Habis itu bisa nikmatin kepulauan mandeh. Snorkeling, menikamti pantai setan. Pokoknya siplah.",positif,1
522,Subnallahh...nikmat mana lg yg kau dustakanğŸ¤©ğŸ¤©ğŸ‘,positif,1
523,"View nya bagus banget buat tempat singgah dan bersantai...
Tidak ad wahana, menu makannya jg kurang lengkap...",positif,1
524,Objek wisata paling bagus.,positif,1
525,"Pemandangan nya sangat indah.
Rugi kalo gak nyobain datang ke sana",positif,1
526,"Meskipun jauh, tp terbayar lelah puas dipuncak nya dengan pemandangan yg sempurna. Jangan lupa bawa bekal. Trus jalan dr puncak menuju bawah rada terjal.so  becarefullllll",positif,1
527,Ketika datang ke sini sedang banyak perbaikan. Udara sejuk cenderung dingin. Jangan lupa bawa baju hangat saat mengunjungi tempat ini.,positif,1
528,"Masih butuh pengembangan fasilitas publik nya, untuk view jangan ditanya. Ini raja ampatnya sumatera barat. Tinggal keseriusan pemerintah saerah, provinsi bahkan pusat untuk pengembangannya.",positif,1
529,Luar biasa pemandangannya dan route sangat menantang,positif,1
530,Asyik sih tp fasilitas belum lengkap seperti toilet dan tempat ibadah belum tersedia semoga kedepan pihak terkait bisa menyediakanya,positif,1
531,Sejuk...,netral,0.5
532,"Keren,jngn lupa mampir kesini y",positif,1
533,indah banget,positif,1
534,panorama alam yg bagus untuk di nikmati,positif,1
535,Tempat yang indah,positif,1
536,"Terlalu banyak agen travel perjalanan yang menawarkan jasa tour pulau, sehingga tidak nyaman untuk menikmati keindahan alam mande.",negatif,0
537,Tempatnya indah,positif,1
538,Puncak mande tempat wisata yg sangat tenang dan bagus.,positif,1
539,Bagus untuk spot foto2. Tempat kuliner tidak ada.,netral,0.5
540,"Banyak view yg bagus buat foto, tapi tempat buat makan dan toilet masih kurang, kalau hujan becek di parkiran. Akses jalan agak kurang bagus di beberapa tempat",negatif,0
541,Dari Puncak Mandeh kita bisa melihat indahnya samudera Hindia yang tenang serta dihiasi oleh beberapa pulau dan perahu perahu yang membawa wisatawan yang berkunjung .,positif,1
542,Keren banget...  Wisata sumbar,positif,1
543,Menakjubkan,positif,1
544,"Pemandangan indah tp penataan kurang max dan kesadaran masy ttg mjga kebersihan yg mah minim, sampah dimana2.",negatif,0
545,"Tempat wisata baru yg indah di Sumbar. Perlu dikunjungi utk
membuktikannya.",positif,1
546,"Pantai pesisir selatan subhanallah indah banget, alamnya masih terjaga ğŸ˜ğŸ˜ğŸ˜",positif,1
547,"Dari Puncak Pulau Mandeh anda dapat melihat gugusan Pulau Traja, Pulau Setan Kecil, Sironjang Besar dan Kecil serta Pulau Cubadak dan gradasi air lautnya yang menambah keindahan Pulau Mandeh ini.",positif,1
548,Pemandangan indah,positif,1
549,Not recomended...jalanan sempit sekali dan fasilitas sangat minim sekali....nyesel lihat panorama di puncak mandeh,negatif,0
550,Salah satu pilihan tempat wisata di Pesisir selatan yang mempunyai keindahan alam yang bagus....,positif,1
551,Tempat yang bagus,positif,1
552,"Sedikit kurang memuaskan, karena kurangnya wahana yang disediakan.",negatif,0
553,"Pemandangan eksotik laur biasa,alami dan biaya perjalanan murah",positif,1
554,benar indah dan nyaman..pemandangan nya memanjakan mata,positif,1
555,Pemandangan bagus hanya untuk berfoto saja tidak utk berwisata...,positif,1
556,Bagus viewnya,positif,1
557,Masya Allah indah,positif,1
558,Pemandangannya indah banget dengan laut yang masih sangat bersih. Sayangnya digerbang menuju pelabuhan banyak banget guide lokal dadakan yang bikin pengunjung takut dengan keagresifannya... Semoga pemerintah setempat bisa mengelola guide2 lokal ini biar lebih tertib,positif,1
559,Tmpatnya panas.... dan pedagang disana tidak ramah (kasar),positif,1
560,"Jujur saya tidak tau apakah itu sudah di puncak mandeh nya atau belum tapi di tempat itu banyak orang, pedangan, dan parkiran motor maupun mobil.
Untuk view itu memang bagus bahkan sangat bagus kalau menurut saya, tapi untuk tempat nya â€¦",positif,1
561,salah satu destinasi yg wajib dikunjungi,positif,1
562,"Jalan nya keren,pemandangan nya asik",positif,1
563,Bagus,positif,1
564,"Salah satu spot pandang yang bagus dan menakjubkan, pulau pulau dan laut lepas menjadi objek foto yang bagus utk diabadikan.  Akses jalan lumayan menantang.",positif,1
565,"Tempat yang menyajikan keindahan alam yang bagus, cocok untuk wisata keluarga.",positif,1
566,puncak mande,positif,1
567,"Punya potensi besar
Semoga kedepannya segera dibangun resort-resort yg mumpuni
Dg tetap menjunjung norma agama dan budaya masyarakat lokal (baca: no prostitusi)",positif,1
568,Puncak mandeh mantap buat fotograpric.. Bgus jga buat prawdng..,positif,1
569,View Replika raja ampat .,positif,1
570,"Bang mahon info nya, kalo bus besar bisa ngak ke puncak mandeh . Mohon di respon ğŸ¤š",positif,1
571,Pemandangannya indah sekaliiii.. ğŸ‘,positif,1
572,Pemandangan nya mantap,positif,1
573,Tempatnya keren..apalagi dapat rumah ditepi pantai..cuma rumahnya harus segera diperbaiki krna ada bberapa titik kebocoran,positif,1
574,Pemandangan nya bagus bgt...untuk liburan cocok laahhh...,positif,1
575,"tempatnya asik dan panorama yang di suguhkan sangat indah.
kondisi jalan menuju kesana sdh bagus dari pada sebelumnya",positif,1
576,"Pemnadangan cukup indah, tp hanya utk duduk dan menikmati pemandangan saja.",positif,1
577,"Oke, tapi makan minum lumayan mahal tidak sesuai dgn rasanyaa",negatif,0
578,"Tempat wisata kekinian urang awak, dari puncak mandeh jika telusurin terus kebawah ngukutin jalan, kita bakalan jumpa"" kampung mandeh"", di sini ada 100 an kk, jalan menuju kampung mandeh masih dalam tahap perbaikan, kalo mau explore mending â€¦",positif,1
579,Pemandangannya membuat kita bisa menikmati keseluruh Teluk Mandeh,positif,1
580,Sayangnya para penjual makanan dan minuman mengurangi estetika lingkungan dan keindahan wisata mandeh. Mohon lebih di kelola.,negatif,0
581,Raja Ampat nya Sumatera,positif,1
582,"Maaf mau tanya..
Berapa jam ya kira"" jarak tempuh nya dari kota Padang? Minimal dari pelabuhan teluk Bayur lah.. patokan nya.. mohon info nya..ğŸ˜ŠğŸ˜Š",netral,0.5
583,Pemandangan yang indah dan menarik,positif,1
584,Tempat lahir alami,netral,0.5
585,"Waaaahhhh, amazing, bagus bnget, masyaAllah.. Pengen k sini lagii",positif,1
586,"Puncak mandeh, tempat wisata pantai, alamat pesisir selatan, pemandangan yang indah",positif,1
587,Mantap ini,positif,1
588,Bagus buat berfoto,positif,1
589,"Tempat ini diprediksi akan lebih populer, tapi belum ada fasilitas minimal sebagai panorama tempat rekreasi.",negatif,0
590,Kawasan wisata yang bagus dan indah di daerah Tarusan Pesisir Selatan Sumatera Barat.,positif,1
591,kereenn,positif,1
592,"Indah, cuma infrastruktur tempat nongkrong belum begitu banyak",positif,1
593,Kerennnnnn dan mantaaappssssss....,positif,1
594,"Pemandangan alamnya sangat indah,tempat parkir luas",positif,1
595,"Jarak tidak jauh dari kota padang. Pemandangan sangat indah.
Saat saya datang, tidak ada tiket masuk. Disana tersedia kursi2-dari pemilik warung di sekitar. Jd kita bisa bersantai sambil minum kopi atau teh, atau mkn, dgn harga terjangkau",positif,1
596,"Great view! Pemandangan laut yg keren, bersih, jernih, langit yang terang. Spot foto yang bagus!",positif,1
597,Mandeku ... kau begitu indah,positif,1
598,Tempat yang asyik untuk bersantai bersama keluarga dan berfoto,positif,1
599,Pemandangan nya bagus,positif,1
600,mantap,positif,1
601,Tempat wisata pantai yang indah dan segar,positif,1
602,Not recom untuk holiday keluarga,negatif,0
603,pesona indah dunia,positif,1
604,Cuma background nya doank yg keren,negatif,0
605,"Dari sini dapat melihat keindahan gugusan pulau-pulau kecil kawasan wisata taman laut mandeh, sejak diresmikan jadi taman laut nasional pengunjung semakin ramai, semoga infrastruktur seperti jalan akan segera dimulai pengerjaannya.",positif,1
606,Objek wisata sumbar,netral,0.5
607,Karna rasa sotonya enak.,positif,1
608,"Teluk Mandeh, atau dikenal juga dengan istilah Puncak Mandeh, salah satu tempat menyaksikan pemandangan pantai Kabupaten Pesisir Selatan yang eksotis, pemandangannya yang indah dan penduduknya yang ramah, membuat tempat ini sering â€¦",positif,1
609,Pemandangan luar biasa indah.,positif,1
610,"pemandagannya sangat indah, jalan masuk sebagian sudah baik, namun mendekati objek masih didominasi jalan tanah, kurang cocok untuk sunset karena terhalang tanjung..",positif,1
611,Udaranya sejuk . Pemandangannya luarbiasa mantap.,positif,1
612,View nya good banget apa lg pas sunset...,positif,1
613,Kereen. Ciptaan Tuhan yang sangaat indah. Panorama 4 dimensi yang patut kita syukuri dan kita jaga bersama,positif,1
614,Kawasan yang indah dengan hamparan pulau..  Dan lautan yang tenang..,positif,1
615,Indah,positif,1
616,Mantap,positif,1
617,"Ternyata oh ternyata, aq terlalu kecil tuk mrasa angkuh di hadapan mu....... . Ya Robb",positif,1
618,"View nya keren banget..... bisa ditempuh pake bus, tdk ada angkot menuju kesana",positif,1
619,Tempat Bagus untuk Wisata Keluarga...,positif,1
620,Pantai yg msh asri dng pemndangan laut yg luas..,positif,1
621,"pemandangan indah banged, rugi kalo gk ke sana",positif,1
622,Keren,positif,1
623,Mandeh tempat wisata baru yg indah damai dan tidak terlalu merogoh kantong lebih banyak,positif,1
624,Bagus,positif,1
625,Sangat indah dan dan ramai pengunjung,positif,1
626,"Paling nyaman&Aman,bisa keliling di pulau2 kecil yg cantik seharian,harganya terjangkau untuk bawa keluarga keliling2 pulau di kawasan mandeh",positif,1
627,"Kawasan wisata mandeh pesisir selatan, disini Raja Ampatnya Pulau Sumatera.. Ga cukup sekali kalau pengen puas",positif,1
628,Ok banget,positif,1
629,"Merupakan pulau yang sangat memanjakan mata, pulau mandeh juga tidak kalah dari pulau-pulau di indonesia lainnya seperti bali  lombok, ambon dan lain-lainnya",positif,1
630,Tinggal fasilitas nya saja lagi,positif,1
631,Wisata yang wajib dikunjungi....,positif,1
632,"View bagus, raja Ampat nya sumbar",positif,1
633,Indah nya...,positif,1
634,Pemandangan yg Indah... Bagus untuk rilexasi,positif,1
635,"Akses dan fasilitas pengunjung masih minim, sementara view nya bagus..",positif,1
636,"Okelah,jalan sdah bagus.....",positif,1
637,Sangat indah sekali,positif,1
638,Tampek maraton den dulu lah jadi objek wisata yg di minati bnyak orang..,positif,1
639,mantap viewnya insyaallah jln jadi recomendet bgd....,positif,1
640,Top dehh pokoknya,positif,1
641,Panorama sangat cantik dengan beberapa pulau yg terlihat dari puncak Mandeh,positif,1
642,Tempat yg bagus buat photography,positif,1
643,Bagus bangettttt,positif,1
644,Sangat bagus,positif,1
645,"Tempat yg exotis,,banyak wisata bawah laut nya.!!
ğŸ˜ğŸ˜ğŸ˜",positif,1
646,Luar biasa,positif,1
647,Pemandangan yang indah,positif,1
648,Luar biasa pantai nya....,positif,1
649,Mantaaapppp.....dan harus segera menginap di pulau nya.,positif,1
650,Bagus bray,positif,1
651,Keindahan laut dr puncak bukit,positif,1
652,Baguss,positif,1
653,Bagusss,positif,1
654,"Bagus, melihat keindahan laut dari atas bukit",positif,1
655,Viewnya bagusssss,positif,1
656,"Biasa aja, cepat bosen, bagusan juga tempat saya.. Gak ada yg menarik..",negatif,0
657,Tempat nya sangat indah karena ada matahari terbenam,positif,1
658,Sangat sangat indahh,positif,1
659,"Pemandangannya menenangkan,,,tadinya yg lgi bete jdi semangat lgi ğŸ˜‡ğŸ˜‡",positif,1
660,"Tempatnya dpt melihat pemandangan luas kepulau2 lainnya,tempatnya nyaman dan adem",positif,1
661,Mantap view dari puncak Mandeh.. jangan lupa untuk berselfie ria ..,positif,1
662,Sungguh pemandangan alam yang sangat indah,positif,1
663,biru banget air diliat dari sini,positif,1
664,Lokasinya Mantap...,positif,1
665,Luar biasa indah,positif,1
666,"Tempat lumayan, cuma kalo ke wc gak ad, harus ke semak""",positif,1
667,"betah ada disini, suasananya tenang pemandangan bagus, tapi sayang tempatnya kurang luas",positif,1
668,Akses jalannya msh agak ekstrim saat saya kesana..,positif,1
669,Wisata,netral,0.5
670,Bagus,positif,1
671,Oke dan menakjubkan,positif,1
672,Bagus sekali...hy sj perlu perbaikan jalan ke lokasi...,positif,1
673,Lukisan indah sang pencipta,positif,1
674,Proses menuju kelengkapan infrastruktur,netral,0.5
675,Allah Akbar ..... Keindahan alam yg luar biasa,positif,1
676,"Wisata yg bagus, raja ampat nya Sumbar",positif,1
677,"Bagi anda Traveller...
Rugi anda bila tidak kunjungi tempat ini.",positif,1
678,Wow keren ğŸ‘ğŸ‘ğŸ‘Œâœï¸âœï¸,positif,1
679,tempat oke buat liat pemandangan laut dan pulau,positif,1
680,tempat yang sangat luar biasa ketika sudah berada langsung di puncak mandeh,positif,1
681,"Tempat terindah di Pesisir Selatan, ibaratkan Raja Ampatnya Orang Pasisie",positif,1
682,Kampung yang indah.,positif,1
683,Baguuuus bgt pemandangannya,positif,1
684,Sangat asik dan lokasinya indah banget,positif,1
685,Wisata bahari terbaik,positif,1
686,Sangat indah dan menyenangkan,positif,1
687,Subhanallah bangett,positif,1
688,Sangat indah,positif,1
689,Tempat rekreasi yang indah dan nyaman. Serta pemandangan yang cantik,positif,1
690,Sipp ok,netral,0.5
691,Indah banget raja ampat sumbar,positif,1
692,Woww keren.....,positif,1
693,Keren buat berlibur,positif,1
694,Sangat bagus,positif,1
695,lubuk buaya,netral,0.5
696,Suka banget,positif,1
697,"viewnya keren, sayang akses ke lokasi agak kurang memadai",positif,1
698,Tempat dengan pemandangan pantai yang bagus,positif,1
699,Mempesona,positif,1
700,Pemandangan bagus.sayang sinyal tidak ada,netral,0.5
701,Viewnya keren!,positif,1
702,Mantap,positif,1
703,Kurang menarik,negatif,0
704,memang bagus,positif,1
705,Panorama yg indah,positif,1
706,SubhanallahğŸ‘ğŸ»,positif,1
707,Pemandangan nya bagus,positif,1
708,Perjalanan menuju puncak yg bikin seru,positif,1
709,Pemandangannya bagus tapi becek dan agak beresiko kalau hujan.,positif,1
710,"View nya aduhai, namun memerlukan penanam modal untuk membenahi nya..",positif,1
711,"Masih banyak preman, tpi pemandangan best",negatif,0
712,taragak malalak,netral,0.5
713,Sungguh indah... ğŸ˜ŠğŸ˜€,positif,1
714,Jalannya masih ada yg belum rata,negatif,0
715,puncak terindah,positif,1
716,Indah karunia Allah untuk Indonesia dan Sumatera Barat khususnya,positif,1
717,Wisata yang indah,positif,1
718,Tempat Wisata y Indah..,positif,1
719,"Raja ampatnya sumatera, surganya take fhoto # hayokesini",positif,1
720,Hujan,netral,0.5
721,Tempat terindah di dunia....,positif,1
722,Prasarana di sana masih kurang lengkap untuk wisata keluarga,positif,1
723,Menkjubkan indahny pantai mandeh,positif,1
724,pemandangan alamnya luar biasa keren dan masih alamii,positif,1
725,Ingin balik ke sini n wisata ke pulaunya ğŸ˜ŠğŸ˜‰,positif,1
726,"Tempat nya keren
Banget",positif,1
727,Seperti Raja Ampat,positif,1
728,Bagus view nya,positif,1
729,Pemandangan nya lumaian indah,positif,1
730,Raja ampatnya Sumbar,positif,1
731,Pemandangan indah,positif,1
732,"Cantik, indah & pantainya pun jernih dan bersih.",positif,1
733,Pemandangan alam indah,positif,1
734,Menyejukan hati,positif,1
735,"Sayang, masih ada pungli",negatif,0
736,Kawasan wisata taman laut nasional. ğŸ‘ğŸ‘ğŸ‘,positif,1
737,"Pemandangannya bagus sekali, Recomended",positif,1
738,Sangat baguss,positif,1
739,Sungguh indah ciptaan tuhan,positif,1
740,Indah luar biasa,positif,1
741,Mantap,positif,1
742,"Ok aja lah,,,",positif,1
743,Raja Ampat nya Sumbar hehehe,positif,1
744,Saya senang sekali,positif,1
745,Klasik dan indah,positif,1
746,Mantap pemandangannya,positif,1
747,bagusss,positif,1
748,Tempat ini bagus sekali untuk menenangkan otak,positif,1
749,Raja ampat sumbar,positif,1
750,"Bawa Popmie sendiri ya, disana mahal",negatif,0
751,view nya bagus,positif,1
752,Luar Biasa,positif,1
753,Tempat ny udh bgus  . .tp jlan ny blum d perbaiki smua,netral,0.5
754,Sngat indah and alami,positif,1
755,Udaranya panas tempat dÃ ng nyaman,positif,1
756,Pemandangannya indah bangeeet guys...,positif,1
757,"Sangat indah,kayak raja ampat papua",positif,1
758,"Sungguh menyengkan berlibir di sini, Minangkabau memang indah",positif,1
759,Indah,positif,1
760,The Hiden of Paradise di Indonesia,positif,1
761,Adek nya raja 4,positif,1
762,"tidak ada tempat view bagus, alas tanah",positif,1
763,Indah banget....,positif,1
764,tempat yg sangat indah........,positif,1
765,Baik....,positif,1
766,raja ampat ny SUMBAR,positif,1
767,Tempat wisata yg sangat indah,positif,1
768,Bakal jadi momen yg indah cuy,positif,1
769,pemandangan bagus,positif,1
770,"Fenomena bagus, tinggal penataan yg tepat",positif,1
771,Panorama yang indah,positif,1
772,Kampungku dan yang pastinya menarik untuk dikunjungi,positif,1
773,Bagus bro pemandangan alam ya,positif,1
774,Tempat terindah yang pernah saya kunjungi,positif,1
775,Indah mempesona,positif,1
776,Lagi pengembangan,netral,0.5
777,Terbaik,positif,1
778,Mantap,positif,1
779,Bawa makanan dari rumah,negatif,0
780,Jadi pengen kesana,positif,1
781,Nyaman asri cuy,positif,1
782,Nice View! I love Sumatera Barat,positif,1
783,"Pesona alam yang indahh,,",positif,1
784,Pantai Pesisir Selatan,netral,0.5
785,Pemandangan yang bagus  melihat pulau pulau disekitarnya,positif,1
786,Memanjakan mata menenangkan jiwa,positif,1
787,Pemandangan yang sangat exsotis,positif,1
788,Tempat yang sangat indah untuk tujuan wisata,positif,1
789,Kapan ya bisa kesana.... ğŸ˜€,positif,1
790,kurang fasilitas,negatif,0
791,Bagus,positif,1
792,akses jalan tolong ditingkatkan,netral,0.5
793,Bagus view nya,positif,1
794,Ok lah,netral,0.5
795,Pemandangan yang amazing sekali,positif,1
796,Rancak Bana,positif,1
797,Super sekali objeck wisata idaman,positif,1
798,Cantik nian,positif,1
799,Ini tempat recomendedt bgt lah,positif,1
800,Fasilitas jelek,negatif,0
801,Tempatnya kereeen,positif,1
802,Bagus lokasiny,positif,1
803,Indah,positif,1
804,Asik banget,positif,1
805,Bagus sekali,positif,1
806,mantap lokasinya...,positif,1
807,Pengen kesini,positif,1
808,Tempat yang indah dan tidak kalah dengan yang di luar negeri,positif,1
809,New Raja ampatnya pesisir selatan,positif,1
810,Jalanan terlalu curam,negatif,0
811,Kereenn!!,positif,1
812,"Bagus ,secepat nya kesna",positif,1
813,raja ampat nya Padang,positif,1
814,"Pemandangannya indah bangett,top deh...",positif,1
815,Liburan dlu,netral,0.5
816,Kereenn,positif,1
817,Tempat yg cocok untuk para pecinta laut,positif,1
818,Mantab,positif,1
819,Keren,positif,1
820,Indah,positif,1
821,Indah bangat,positif,1
822,"Nyaman dan indah, pantai yg terawat",positif,1
823,Pemandangan bagus,positif,1
824,Kawasan wisata,positif,1
825,Tidak bs di ungkapin dengan kata2,positif,1
826,Lokasi jalan jalan sore yang asik.,positif,1
827,Bersih,positif,1
828,Keren,positif,1
829,menyenangkan,positif,1
830,Cocok banget untuk wisata kel,positif,1
831,Surga yang tersembunyi lihat dan datanglah,positif,1
832,Sangat bagus untuk wisata bahari,positif,1
833,Panorama yang Indah apa lg untuk selfie,positif,1
834,"View bagus, jalan menuju ke puncak Mandeh bagus",positif,1
835,Sejuk,positif,1
836,Ntah,netral,0.5
837,Raja ampatnya sumatera barat,positif,1
838,Sngt asyik bgtu indah,positif,1
839,Tempat yang bagus untuk berlibur,positif,1
840,View yg Sangat menakjubkan,positif,1
841,"Indah dan menyenangkan, bikin sejuk baru",positif,1
842,Membantu,positif,1
843,Bagus,positif,1
844,Puncak mandek is amazing,positif,1
845,Mantul,positif,1
846,Wee seru bangett,positif,1
847,O.k juga buat petualang.....,positif,1
848,Raja Ampatnya sumatera barat,positif,1
849,Masih bisa berkembang lagi,positif,1
850,Tempat wisata alam di Sumatra,positif,1
851,Rancak Bana,positif,1
852,Viewnya luar biasa indah,positif,1
853,Alamnya sangat indah,positif,1
854,View yang bagus,positif,1
855,Belum terlalu dikembangkan pariwisatanya,positif,1
856,Sangat mempesona,positif,1
857,View asik dan menawan,positif,1
858,Bagus,positif,1
859,"Puncak Mandeh, tempat pemandangan laut dan pulau yang indah",positif,1
860,Kereen pemandangannya,positif,1
861,Pemandangan alam nan menakjubkan,positif,1
862,Bagus,positif,1
863,Indonesia juara..,netral,0.5
864,Indah broo,positif,1
865,Indah,positif,1
866,Mantap sekali pemandangannya,positif,1
867,Sangat eksotis,positif,1
868,Bagus,positif,1
869,Tempat yang bagus untuk foto alam,positif,1
870,"Sangat indah, tenang dan nyaman.",positif,1
871,Indah,positif,1
872,pemandangan yg bagus,positif,1
873,RajaAmpat Minangkabau!,positif,1
874,Raja Ampat nya Sumatera,positif,1
875,Mempesona,positif,1
876,Kurang informasinya ...,positif,1
877,Keindahan seperti raja ampat,positif,1
878,Kereen,positif,1
879,Bagus,positif,1
880,menyenangkan wisatanya,positif,1
881,Pemandangan yg indah,positif,1
882,tempat rekreasi yang indah dan nyaman,positif,1
883,Indah,positif,1
884,Subhanallah,positif,1
885,Cantik pemandangannya,positif,1
886,Indah,positif,1
887,Wisata,netral,0.5
888,Indah,positif,1
889,keren,positif,1
890,Indahnya....,positif,1
891,Fasilitas perlu ditambah,negatif,0
892,Baru tau den,netral,0.5
893,Bagus pemandanganya...,positif,1
894,Mantapppp,positif,1
895,Pemandangan yg bagus,positif,1
896,bagus sekali,positif,1
897,Sekalian berwisata kuliner,positif,1
898,Pemandangan yang sangat Indah,positif,1
899,keren,positif,1
900,Pemandangan yg indah,positif,1
901,Keren,positif,1
902,Mantap,positif,1
903,Indahnyo....,positif,1
904,Mantap...,positif,1
905,Keren,positif,1
906,Wow bgt,positif,1
907,Pemandangan alamnya indah,positif,1
908,Pulau ini indah sekali,positif,1
909,Raja Ampat of West Sumatera,positif,1
910,"Indah pemandangan nya,",positif,1
911,Tempat bersejarah ..,positif,1
912,Mantap pemandangan nya,positif,1
913,Pemandangan yang menakjubkan,positif,1
914,Keren,positif,1
915,Asyik,positif,1
916,Kerennn,positif,1
917,indah,positif,1
918,Indah,positif,1
919,Indah,positif,1
920,Mantap,positif,1
921,Lumayan,positif,1
922,Lumayan,positif,1
923,Oke,positif,1
924,Lumayan,positif,1
925,Indah,positif,1
926,Keindahan alamny menajubkan,positif,1
927,Indah,positif,1
928,bagus,positif,1
929,rancak,positif,1
